fileId,time,xPos,yPos,zPos,leftSide,leftForward,centralForward,rightForward,rightSide,leftSideDistance,leftForwardDistance,centralForwardDistance,rightForwardDistance,rightSideDistance,zone,movingForward,moveForwardInput,moveBackwardsInput,moveLeftInput,moveRightInput,state,gameOver
6030818,9.998481,15.58,1.01,4.62,False,False,False,False,False,5,5,5,5,5,1,True,False,False,False,False,15,False
6030818,9.998481,15.58,1.01,4.62,False,False,False,False,False,5,5,5,5,5,1,False,False,False,False,False,15,False
6030818,10.01848,15.58,1.006378,4.620001,False,False,False,False,False,5,5,5,5,5,1,True,False,False,False,False,15,False
6030818,10.03847,15.58,0.9988433,4.620001,False,False,False,False,False,5,5,5,5,5,1,False,False,False,False,False,15,False
6030818,10.04717,15.58,0.9940312,4.620001,False,False,False,False,False,5,5,5,5,5,1,False,False,False,False,False,15,False
6030818,10.05555,15.58,0.9891088,4.620001,False,False,False,False,False,5,5,5,5,5,1,False,False,False,False,False,15,False
6030818,10.0636,15.58,0.9836814,4.620001,False,False,False,False,False,5,5,5,5,5,1,False,False,False,False,False,15,False
6030818,10.07194,15.58,0.9771481,4.620001,False,False,False,False,False,5,5,5,5,5,1,False,False,False,False,False,15,False
6030818,10.07996,15.58,0.9708717,4.620001,False,False,False,False,False,5,5,5,5,5,1,False,False,False,False,False,15,False
6030818,10.08764,15.58,0.9633712,4.620001,False,False,False,False,False,5,5,5,5,5,1,False,False,False,False,False,15,False
6030818,10.10241,15.58,0.9484559,4.620001,False,False,False,False,False,5,5,5,5,5,1,False,False,False,False,False,15,False
6030818,10.11127,15.58,0.9380596,4.620001,False,False,False,False,False,5,5,5,5,5,1,False,False,False,False,False,15,False
6030818,10.11984,15.58,0.9280092,4.620001,False,False,False,False,False,5,5,5,5,5,1,False,False,False,False,False,15,False
6030818,10.12811,15.58,0.9167206,4.620001,False,False,False,False,False,5,5,5,5,5,1,False,False,False,False,False,15,False
6030818,10.13756,15.58,0.9037926,4.620001,False,False,False,False,False,5,5,5,5,5,1,False,False,False,False,False,15,False
6030818,10.14561,15.58,0.892022,4.619945,False,False,False,False,False,5,5,5,5,5,1,False,False,False,False,False,15,False
6030818,10.15412,15.58,0.8792232,4.61986,False,False,False,False,False,5,5,5,5,5,1,False,False,False,False,False,15,False
6030818,10.16158,15.58,0.8713668,4.619614,False,False,False,False,False,5,5,5,5,5,1,False,False,False,False,False,15,False
6030818,10.16992,15.58,0.876539,4.618623,False,False,False,False,False,5,5,5,5,5,1,False,False,False,False,False,15,False
6030818,10.1775,15.58,0.8812379,4.617722,False,False,False,False,False,5,5,5,5,5,1,False,False,False,False,False,15,False
6030818,10.18564,15.57929,0.8817348,4.617264,False,False,False,False,False,5,5,5,5,5,1,False,False,False,False,False,15,False
6030818,10.19399,15.57823,0.8801775,4.617025,False,False,False,False,False,5,5,5,5,5,1,False,False,False,False,False,15,False
6030818,10.20234,15.5776,0.8796096,4.61692,False,False,False,False,False,5,5,5,5,5,1,False,False,False,False,False,15,False
6030818,10.21092,15.57807,0.8816279,4.617164,False,False,False,False,False,5,5,5,5,5,1,True,False,False,False,False,15,False
6030818,10.22706,15.57876,0.8836204,4.617403,False,False,False,False,False,5,5,5,5,5,1,True,False,False,False,False,15,False
6030818,10.23644,15.57903,0.8834302,4.617379,False,False,False,False,False,5,5,5,5,5,1,False,False,False,False,False,15,False
6030818,10.24522,15.57961,0.8830174,4.617343,False,False,False,False,False,5,5,5,5,5,1,False,False,False,False,False,15,False
6030818,10.25361,15.58039,0.8824699,4.617302,False,False,False,False,False,5,5,5,5,5,1,False,False,False,False,False,15,False
6030818,10.26155,15.58095,0.8821393,4.61727,False,False,False,False,False,5,5,5,5,5,1,False,False,False,False,False,15,False
6030818,10.26969,15.58074,0.8825912,4.61727,False,False,False,False,False,5,5,5,5,5,1,False,False,False,False,False,15,False
6030818,10.27772,15.58053,0.8830379,4.617269,False,False,False,False,False,5,5,5,5,5,1,False,False,False,False,False,15,False
6030818,10.28604,15.5802,0.8826344,4.616902,False,False,False,False,False,5,5,5,5,5,1,False,False,False,False,False,15,False
6030818,10.29462,15.57982,0.8818808,4.616381,False,False,False,False,False,5,5,5,5,5,1,False,False,False,False,False,15,False
6030818,10.3027,15.57963,0.8815944,4.61622,False,False,False,False,False,5,5,5,5,5,1,False,False,False,False,False,15,False
6030818,10.31109,15.57976,0.8821741,4.616734,False,False,False,False,False,5,5,5,5,5,1,True,False,False,False,False,15,False
6030818,10.31917,15.57988,0.8827327,4.617228,False,False,False,False,False,5,5,5,5,5,1,True,False,False,False,False,15,False
6030818,10.3274,15.5795,0.8821183,4.61762,False,False,False,False,False,5,5,5,5,5,1,True,False,False,False,False,15,False
6030818,10.33696,15.57898,0.88125,4.618062,False,False,False,False,False,5,5,5,5,5,1,True,False,False,False,False,15,False
6030818,10.34548,15.57908,0.881471,4.617927,False,False,False,False,False,5,5,5,5,5,1,False,False,False,False,False,15,False
6030818,10.35395,15.5795,0.8822387,4.617501,False,False,False,False,False,5,5,5,5,5,1,False,False,False,False,False,15,False
6030818,10.36327,15.5798,0.8826168,4.617013,False,False,False,False,False,5,5,5,5,5,1,False,False,False,False,False,15,False
6030818,10.37222,15.5798,0.8821512,4.616507,False,False,False,False,False,5,5,5,5,5,1,False,False,False,False,False,15,False
6030818,10.38054,15.5798,0.8817579,4.616115,False,False,False,False,False,5,5,5,5,5,1,False,False,False,False,False,15,False
6030818,10.38885,15.57979,0.8819222,4.616828,False,False,False,False,False,5,5,5,5,5,1,True,False,False,False,False,15,False
6030818,10.3976,15.57978,0.8820952,4.617579,False,False,False,False,False,5,5,5,5,5,1,True,False,False,False,False,15,False
6030818,10.40588,15.57976,0.8820934,4.617351,False,False,False,False,False,5,5,5,5,5,1,False,False,False,False,False,15,False
6030818,10.41471,15.57975,0.8820199,4.6167,False,False,False,False,False,5,5,5,5,5,1,False,False,False,False,False,15,False
6030818,10.42326,15.57974,0.882107,4.616452,False,False,False,False,False,5,5,5,5,5,1,False,False,False,False,False,15,False
6030818,10.43184,15.57972,0.8824518,4.616824,False,False,False,False,False,5,5,5,5,5,1,True,False,False,False,False,15,False
6030818,10.44037,15.57972,0.8827696,4.617178,False,False,False,False,False,5,5,5,5,5,1,True,False,False,False,False,15,False
6030818,10.44915,15.58006,0.8825233,4.617177,False,False,False,False,False,5,5,5,5,5,1,False,False,False,False,False,15,False
6030818,10.45752,15.58039,0.8822883,4.617177,False,False,False,False,False,5,5,5,5,5,1,False,False,False,False,False,15,False
6030818,10.46598,15.5802,0.8823563,4.617177,False,False,False,False,False,5,5,5,5,5,1,False,False,False,False,False,15,False
6030818,10.47501,15.57975,0.8825632,4.617177,False,False,False,False,False,5,5,5,5,5,1,False,False,False,False,False,15,False
6030818,10.48313,15.57951,0.8826778,4.617177,False,False,False,False,False,5,5,5,5,5,1,False,False,False,False,False,15,False
6030818,10.49452,15.57951,0.8826778,4.617177,False,False,False,False,False,5,5,5,5,5,1,False,False,False,False,False,15,False
6030818,10.50278,15.57951,0.8826778,4.617177,False,False,False,False,False,5,5,5,5,5,1,False,False,False,False,False,15,False
6030818,10.51143,15.57951,0.8826778,4.617177,False,False,False,False,False,5,5,5,5,5,1,False,False,False,False,False,15,False
6030818,10.5201,15.57951,0.8826778,4.617177,False,False,False,False,False,5,5,5,5,5,1,False,False,False,False,False,15,False
6030818,10.52876,15.57951,0.8826778,4.617177,False,False,False,False,False,5,5,5,5,5,1,False,False,False,False,False,15,False
6030818,10.53825,15.57951,0.8826778,4.617177,False,False,False,False,False,5,5,5,5,5,1,False,False,False,False,False,15,False
6030818,10.54672,15.57951,0.8826778,4.617177,False,False,False,False,False,5,5,5,5,5,1,False,False,False,False,False,15,False
6030818,10.55589,15.57951,0.8826778,4.617177,False,False,False,False,False,5,5,5,5,5,1,False,False,False,False,False,15,False
6030818,10.56602,15.57951,0.8826778,4.617177,False,False,False,False,False,5,5,5,5,5,1,False,False,False,False,False,15,False
6030818,10.57524,15.57951,0.8826778,4.617177,False,False,False,False,False,5,5,5,5,5,1,False,False,False,False,False,15,False
6030818,10.58444,15.57951,0.8826778,4.617177,False,False,False,False,False,5,5,5,5,5,1,False,False,False,False,False,15,False
6030818,10.5932,15.57951,0.8826778,4.617177,False,False,False,False,False,5,5,5,5,5,1,False,False,False,False,False,15,False
6030818,10.60237,15.57951,0.8826778,4.617177,False,False,False,False,False,5,5,5,5,5,1,False,False,False,False,False,15,False
6030818,10.61133,15.57951,0.8826778,4.617177,False,False,False,False,False,5,5,5,5,5,1,False,False,False,False,False,15,False
6030818,10.62,15.57951,0.8826778,4.617177,False,False,False,False,False,5,5,5,5,5,1,False,False,False,False,False,15,False
6030818,10.62944,15.57951,0.8826778,4.617177,False,False,False,False,False,5,5,5,5,5,1,False,False,False,False,False,15,False
6030818,10.63811,15.57951,0.8826778,4.617177,False,False,False,False,False,5,5,5,5,5,1,False,False,False,False,False,15,False
6030818,10.64669,15.57951,0.8826778,4.617177,False,False,False,False,False,5,5,5,5,5,1,False,False,False,False,False,15,False
6030818,10.65544,15.57951,0.8826778,4.617177,False,False,False,False,False,5,5,5,5,5,1,False,False,False,False,False,15,False
6030818,10.66463,15.57951,0.8826778,4.617177,False,False,False,False,False,5,5,5,5,5,1,False,False,False,False,False,15,False
6030818,10.67379,15.57951,0.8826778,4.617177,False,False,False,False,False,5,5,5,5,5,1,False,False,False,False,False,15,False
6030818,10.68262,15.57951,0.8826778,4.617177,False,False,False,False,False,5,5,5,5,5,1,False,False,False,False,False,15,False
6030818,10.6924,15.57951,0.8826778,4.617177,False,False,False,False,False,5,5,5,5,5,1,False,False,False,False,False,15,False
6030818,10.70141,15.57951,0.8826778,4.617177,False,False,False,False,False,5,5,5,5,5,1,False,False,False,False,False,15,False
6030818,10.71102,15.57951,0.8826778,4.617177,False,False,False,False,False,5,5,5,5,5,1,False,False,False,False,False,15,False
6030818,10.7202,15.57951,0.8826778,4.617177,False,False,False,False,False,5,5,5,5,5,1,False,False,False,False,False,15,False
6030818,10.72937,15.57951,0.8826778,4.617177,False,False,False,False,False,5,5,5,5,5,1,False,False,False,False,False,15,False
6030818,10.73902,15.57951,0.8826778,4.617177,False,False,False,False,False,5,5,5,5,5,1,False,False,False,False,False,15,False
6030818,10.74803,15.57951,0.8826778,4.617177,False,False,False,False,False,5,5,5,5,5,1,False,False,False,False,False,15,False
6030818,10.75737,15.57951,0.8826778,4.617177,False,False,False,False,False,5,5,5,5,5,1,False,False,False,False,False,15,False
6030818,10.76861,15.57951,0.8826778,4.617177,False,False,False,False,False,5,5,5,5,5,1,False,False,False,False,False,15,False
6030818,10.77792,15.57951,0.8826778,4.617177,False,False,False,False,False,5,5,5,5,5,1,False,False,False,False,False,15,False
6030818,10.78732,15.57951,0.8826778,4.617177,False,False,False,False,False,5,5,5,5,5,1,False,False,False,False,False,15,False
6030818,10.79734,15.57951,0.8826778,4.617177,False,False,False,False,False,5,5,5,5,5,1,False,False,False,False,False,15,False
6030818,10.80651,15.57951,0.8826778,4.617177,False,False,False,False,False,5,5,5,5,5,1,False,False,False,False,False,15,False
6030818,10.81742,15.57951,0.8826778,4.617177,False,False,False,False,False,5,5,5,5,5,1,False,False,False,False,False,15,False
6030818,10.8269,15.57951,0.8826778,4.617177,False,False,False,False,False,5,5,5,5,5,1,False,False,False,False,False,15,False
6030818,10.83684,15.57951,0.8826778,4.617177,False,False,False,False,False,5,5,5,5,5,1,False,False,False,False,False,15,False
6030818,10.84728,15.57951,0.8826778,4.617177,False,False,False,False,False,5,5,5,5,5,1,False,False,False,False,False,15,False
6030818,10.8573,15.57951,0.8826778,4.617177,False,False,False,False,False,5,5,5,5,5,1,False,False,False,False,False,15,False
6030818,10.87368,15.57951,0.8826778,4.617177,False,False,False,False,False,5,5,5,5,5,1,False,False,False,False,False,15,False
6030818,10.8839,15.57951,0.8826778,4.617177,False,False,False,False,False,5,5,5,5,5,1,False,False,False,False,False,15,False
6030818,10.89453,15.57951,0.8826778,4.617177,False,False,False,False,False,5,5,5,5,5,1,False,False,False,False,False,15,False
6030818,10.90425,15.57951,0.8826778,4.617177,False,False,False,False,False,5,5,5,5,5,1,False,False,False,False,False,15,False
6030818,10.91446,15.57951,0.8826778,4.617177,False,False,False,False,False,5,5,5,5,5,1,False,False,False,False,False,15,False
6030818,10.9243,15.57951,0.8826778,4.617177,False,False,False,False,False,5,5,5,5,5,1,False,False,False,False,False,15,False
6030818,10.93444,15.57951,0.8826778,4.617177,False,False,False,False,False,5,5,5,5,5,1,False,False,False,False,False,15,False
6030818,10.94446,15.57951,0.8826778,4.617177,False,False,False,False,False,5,5,5,5,5,1,False,False,False,False,False,15,False
6030818,10.95483,15.57951,0.8826778,4.617177,False,False,False,False,False,5,5,5,5,5,1,False,False,False,False,False,15,False
6030818,10.96656,15.57951,0.8826778,4.617177,False,False,False,False,False,5,5,5,5,5,1,False,False,False,False,False,15,False
6030818,10.97673,15.57951,0.8826778,4.617177,False,False,False,False,False,5,5,5,5,5,1,False,False,False,False,False,15,False
6030818,10.9868,15.57951,0.8826778,4.617177,False,False,False,False,False,5,5,5,5,5,1,False,False,False,False,False,15,False
6030818,10.99696,15.57951,0.8826778,4.617177,False,False,False,False,False,5,5,5,5,5,1,False,False,False,False,False,15,False
6030818,11.00829,15.57951,0.8826778,4.617177,False,False,False,False,False,5,5,5,5,5,1,False,False,False,False,False,15,False
6030818,11.01862,15.57951,0.8826778,4.617177,False,False,False,False,False,5,5,5,5,5,1,False,False,False,False,False,15,False
6030818,11.02845,15.57951,0.8826778,4.617177,False,False,False,False,False,5,5,5,5,5,1,False,False,False,False,False,15,False
6030818,11.03902,15.57951,0.8826778,4.617177,False,False,False,False,False,5,5,5,5,5,1,False,False,False,False,False,15,False
6030818,11.04922,15.57951,0.8826778,4.617177,False,False,False,False,False,5,5,5,5,5,1,False,False,False,False,False,15,False
6030818,11.05969,15.57951,0.8826778,4.617177,False,False,False,False,False,5,5,5,5,5,1,False,False,False,False,False,15,False
6030818,11.06972,15.57951,0.8826778,4.617177,False,False,False,False,False,5,5,5,5,5,1,False,False,False,False,False,15,False
6030818,11.08054,15.57951,0.8826778,4.617177,False,False,False,False,False,5,5,5,5,5,1,False,False,False,False,False,15,False
6030818,11.09085,15.57951,0.8826778,4.617177,False,False,False,False,False,5,5,5,5,5,1,False,False,False,False,False,15,False
6030818,11.10081,15.57951,0.8826778,4.617177,False,False,False,False,False,5,5,5,5,5,1,False,False,False,False,False,15,False
6030818,11.11088,15.57951,0.8826778,4.617177,False,False,False,False,False,5,5,5,5,5,1,False,False,False,False,False,15,False
6030818,11.12122,15.57951,0.8826778,4.617177,False,False,False,False,False,5,5,5,5,5,1,False,False,False,False,False,15,False
6030818,11.13218,15.57951,0.8826778,4.617177,False,False,False,False,False,5,5,5,5,5,1,False,False,False,False,False,15,False
6030818,11.14391,15.57951,0.8826778,4.617177,False,False,False,False,False,5,5,5,5,5,1,False,False,False,False,False,15,False
6030818,11.15429,15.57951,0.8826778,4.617177,False,False,False,False,False,5,5,5,5,5,1,False,False,False,False,False,15,False
6030818,11.16422,15.57951,0.8826778,4.617177,False,False,False,False,False,5,5,5,5,5,1,False,False,False,False,False,15,False
6030818,11.17452,15.57951,0.8826778,4.617177,False,False,False,False,False,5,5,5,5,5,1,False,False,False,False,False,15,False
6030818,11.18452,15.57951,0.8826778,4.617177,False,False,False,False,False,5,5,5,5,5,1,False,False,False,False,False,15,False
6030818,11.19539,15.57951,0.8826778,4.617177,False,False,False,False,False,5,5,5,5,5,1,False,False,False,False,False,15,False
6030818,11.20604,15.57951,0.8826778,4.617177,False,False,False,False,False,5,5,5,5,5,1,False,False,False,False,False,15,False
6030818,11.21619,15.57951,0.8826778,4.617177,False,False,False,False,False,5,5,5,5,5,1,False,False,False,False,False,15,False
6030818,11.22642,15.57951,0.8826778,4.617177,False,False,False,False,False,5,5,5,5,5,1,False,False,False,False,False,15,False
6030818,11.23728,15.57951,0.8826778,4.617177,False,False,False,False,False,5,5,5,5,5,1,False,False,False,False,False,15,False
6030818,11.24773,15.57951,0.8826778,4.617177,False,False,False,False,False,5,5,5,5,5,1,False,False,False,False,False,15,False
6030818,11.2583,15.57951,0.8826778,4.617177,False,False,False,False,False,5,5,5,5,5,1,False,False,False,False,False,15,False
6030818,11.26962,15.57951,0.8826778,4.617177,False,False,False,False,False,5,5,5,5,5,1,False,False,False,False,False,15,False
6030818,11.28057,15.57951,0.8826778,4.617177,False,False,False,False,False,5,5,5,5,5,1,False,False,False,False,False,15,False
6030818,11.29146,15.57951,0.8826778,4.617177,False,False,False,False,False,5,5,5,5,5,1,False,False,False,False,False,15,False
6030818,11.30275,15.57951,0.8826778,4.617177,False,False,False,False,False,5,5,5,5,5,1,False,False,False,False,False,15,False
6030818,11.31421,15.57951,0.8826778,4.617177,False,False,False,False,False,5,5,5,5,5,1,False,False,False,False,False,15,False
6030818,11.32486,15.57951,0.8826778,4.617177,False,False,False,False,False,5,5,5,5,5,1,False,False,False,False,False,15,False
6030818,11.3363,15.57951,0.8826778,4.617177,False,False,False,False,False,5,5,5,5,5,1,False,False,False,False,False,15,False
6030818,11.34739,15.57951,0.8826778,4.617177,False,False,False,False,False,5,5,5,5,5,1,False,False,False,False,False,15,False
6030818,11.3584,15.57951,0.8826778,4.617177,False,False,False,False,False,5,5,5,5,5,1,False,False,False,False,False,15,False
6030818,11.36943,15.57951,0.8826778,4.617177,False,False,False,False,False,5,5,5,5,5,1,False,False,False,False,False,15,False
6030818,11.38075,15.57951,0.8826778,4.617177,False,False,False,False,False,5,5,5,5,5,1,False,False,False,False,False,15,False
6030818,11.39174,15.57951,0.8826778,4.617177,False,False,False,False,False,5,5,5,5,5,1,False,False,False,False,False,15,False
6030818,11.40265,15.57951,0.8826778,4.617177,False,False,False,False,False,5,5,5,5,5,1,False,False,False,False,False,15,False
6030818,11.41412,15.57951,0.8826778,4.617177,False,False,False,False,False,5,5,5,5,5,1,False,False,False,False,False,15,False
6030818,11.42528,15.57951,0.8826778,4.617177,False,False,False,False,False,5,5,5,5,5,1,False,False,False,False,False,15,False
6030818,11.44553,15.57951,0.8826778,4.617177,False,False,False,False,False,5,5,5,5,5,1,False,False,False,False,False,15,False
6030818,11.45822,15.57951,0.8826778,4.617177,False,False,False,False,False,5,5,5,5,5,1,False,False,False,False,False,15,False
6030818,11.46944,15.57951,0.8826778,4.617177,False,False,False,False,False,5,5,5,5,5,1,False,False,False,False,False,15,False
6030818,11.48134,15.57951,0.8826778,4.617177,False,False,False,False,False,5,5,5,5,5,1,False,False,False,False,False,15,False
6030818,11.49285,15.57951,0.8826778,4.617177,False,False,False,False,False,5,5,5,5,5,1,False,False,False,False,False,15,False
6030818,11.50472,15.57951,0.8826778,4.617177,False,False,False,False,False,5,5,5,5,5,1,False,False,False,False,False,15,False
6030818,11.51624,15.57951,0.8826778,4.617177,False,False,False,False,False,5,5,5,5,5,1,False,False,False,False,False,15,False
6030818,11.52837,15.57951,0.8826778,4.617177,False,False,False,False,False,5,5,5,5,5,1,False,False,False,False,False,15,False
6030818,11.54044,15.57951,0.8826778,4.617177,False,False,False,False,False,5,5,5,5,5,1,False,False,False,False,False,15,False
6030818,11.55389,15.57951,0.8826778,4.617177,False,False,False,False,False,5,5,5,5,5,1,False,False,False,False,False,15,False
6030818,11.56557,15.57951,0.8826778,4.617177,False,False,False,False,False,5,5,5,5,5,1,False,False,False,False,False,15,False
6030818,11.57725,15.57951,0.8826778,4.617177,False,False,False,False,False,5,5,5,5,5,1,False,False,False,False,False,15,False
6030818,11.58865,15.57951,0.8826778,4.617177,False,False,False,False,False,5,5,5,5,5,1,False,False,False,False,False,15,False
6030818,11.60284,15.57951,0.8826778,4.617177,False,False,False,False,False,5,5,5,5,5,1,False,False,False,False,False,15,False
6030818,11.61434,15.57951,0.8826778,4.617177,False,False,False,False,False,5,5,5,5,5,1,False,False,False,False,False,15,False
6030818,11.62555,15.57951,0.8826778,4.617177,False,False,False,False,False,5,5,5,5,5,1,False,False,False,False,False,15,False
6030818,11.63797,15.57951,0.8826778,4.617177,False,False,False,False,False,5,5,5,5,5,1,False,False,False,False,False,15,False
6030818,11.64954,15.57951,0.8826778,4.617177,False,False,False,False,False,5,5,5,5,5,1,False,False,False,False,False,15,False
6030818,11.66134,15.57951,0.8826778,4.617177,False,False,False,False,False,5,5,5,5,5,1,False,False,False,False,False,15,False
6030818,11.67295,15.57951,0.8826778,4.617177,False,False,False,False,False,5,5,5,5,5,1,False,False,False,False,False,15,False
6030818,11.68482,15.57951,0.8826778,4.617177,False,False,False,False,False,5,5,5,5,5,1,False,False,False,False,False,15,False
6030818,11.70582,15.57951,0.8826778,4.617177,False,False,False,False,False,5,5,5,5,5,1,False,False,False,False,False,15,False
6030818,11.71809,15.57951,0.8826778,4.617177,False,False,False,False,False,5,5,5,5,5,1,False,False,False,False,False,15,False
6030818,11.72944,15.57951,0.8826778,4.617177,False,False,False,False,False,5,5,5,5,5,1,False,False,False,False,False,15,False
6030818,11.74184,15.57951,0.8826778,4.617177,False,False,False,False,False,5,5,5,5,5,1,False,False,False,False,False,15,False
6030818,11.7536,15.57951,0.8826778,4.617177,False,False,False,False,False,5,5,5,5,5,1,False,False,False,False,False,15,False
6030818,11.76531,15.57951,0.8826778,4.617177,False,False,False,False,False,5,5,5,5,5,1,False,False,False,False,False,15,False
6030818,11.77743,15.57951,0.8826778,4.617177,False,False,False,False,False,5,5,5,5,5,1,False,False,False,False,False,15,False
6030818,11.78894,15.57951,0.8826778,4.617177,False,False,False,False,False,5,5,5,5,5,1,False,False,False,False,False,15,False
6030818,11.80069,15.57951,0.8826778,4.617177,False,False,False,False,False,5,5,5,5,5,1,False,False,False,False,False,15,False
6030818,11.81284,15.57951,0.8826778,4.617177,False,False,False,False,False,5,5,5,5,5,1,False,False,False,False,False,15,False
6030818,11.82473,15.57951,0.8826778,4.617177,False,False,False,False,False,5,5,5,5,5,1,False,False,False,False,False,15,False
6030818,11.83696,15.57951,0.8826778,4.617177,False,False,False,False,False,5,5,5,5,5,1,False,False,False,False,False,15,False
6030818,11.84846,15.57951,0.8826778,4.617177,False,False,False,False,False,5,5,5,5,5,1,False,False,False,False,False,15,False
6030818,11.86045,15.57951,0.8826778,4.617177,False,False,False,False,False,5,5,5,5,5,1,False,False,False,False,False,15,False
6030818,11.87266,15.57951,0.8826778,4.617177,False,False,False,False,False,5,5,5,5,5,1,False,False,False,False,False,15,False
6030818,11.88719,15.57951,0.8826778,4.617177,False,False,False,False,False,5,5,5,5,5,1,False,False,False,False,False,15,False
6030818,11.89934,15.57951,0.8826778,4.617177,False,False,False,False,False,5,5,5,5,5,1,False,False,False,False,False,15,False
6030818,11.91116,15.57951,0.8826778,4.617177,False,False,False,False,False,5,5,5,5,5,1,False,False,False,False,False,15,False
6030818,11.92266,15.57951,0.8826778,4.617177,False,False,False,False,False,5,5,5,5,5,1,False,False,False,False,False,15,False
6030818,11.9374,15.57951,0.8826778,4.617177,False,False,False,False,False,5,5,5,5,5,1,False,False,False,False,False,15,False
6030818,11.94908,15.57951,0.8826778,4.617177,False,False,False,False,False,5,5,5,5,5,1,False,False,False,False,False,15,False
6030818,11.96154,15.57951,0.8826778,4.617177,False,False,False,False,False,5,5,5,5,5,1,False,False,False,False,False,15,False
6030818,11.97367,15.57951,0.8826778,4.617177,False,False,False,False,False,5,5,5,5,5,1,False,False,False,False,False,15,False
6030818,11.9859,15.57951,0.8826778,4.617177,False,False,False,False,False,5,5,5,5,5,1,False,False,False,False,False,15,False
6030818,11.99836,15.57951,0.8826778,4.617177,False,False,False,False,False,5,5,5,5,5,1,False,False,False,False,False,15,False
6030818,12.0105,15.57951,0.8826778,4.617177,False,False,False,False,False,5,5,5,5,5,1,False,False,False,False,False,15,False
6030818,12.03429,15.57951,0.8826778,4.617177,False,False,False,False,False,5,5,5,5,5,1,False,False,False,False,False,15,False
6030818,12.04711,15.57951,0.8826778,4.617177,False,False,False,False,False,5,5,5,5,5,1,False,False,False,False,False,15,False
6030818,12.05912,15.57951,0.8826778,4.617177,False,False,False,False,False,5,5,5,5,5,1,False,False,False,False,False,15,False
6030818,12.07133,15.57951,0.8826778,4.617177,False,False,False,False,False,5,5,5,5,5,1,False,False,False,False,False,15,False
6030818,12.09667,15.57951,0.8826778,4.617177,False,False,False,False,False,5,5,5,5,5,1,False,False,False,False,False,15,False
6030818,12.10896,15.57951,0.8826778,4.617177,False,False,False,False,False,5,5,5,5,5,1,False,False,False,False,False,15,False
6030818,12.12158,15.57951,0.8826778,4.617177,False,False,False,False,False,5,5,5,5,5,1,False,False,False,False,False,15,False
6030818,12.13416,15.57951,0.8826778,4.617177,False,False,False,False,False,5,5,5,5,5,1,False,False,False,False,False,15,False
6030818,12.14645,15.57951,0.8826778,4.617177,False,False,False,False,False,5,5,5,5,5,1,False,False,False,False,False,15,False
6030818,12.15915,15.57951,0.8826778,4.617177,False,False,False,False,False,5,5,5,5,5,1,False,False,False,False,False,15,False
6030818,12.17165,15.57951,0.8826778,4.617177,False,False,False,False,False,5,5,5,5,5,1,False,False,False,False,False,15,False
6030818,12.18438,15.57951,0.8826778,4.617177,False,False,False,False,False,5,5,5,5,5,1,False,False,False,False,False,15,False
6030818,12.19694,15.57951,0.8826778,4.617177,False,False,False,False,False,5,5,5,5,5,1,False,False,False,False,False,15,False
6030818,12.20934,15.57951,0.8826778,4.617177,False,False,False,False,False,5,5,5,5,5,1,False,False,False,False,False,15,False
6030818,12.22229,15.57951,0.8826778,4.617177,False,False,False,False,False,5,5,5,5,5,1,False,False,False,False,False,15,False
6030818,12.2347,15.57951,0.8826778,4.617177,False,False,False,False,False,5,5,5,5,5,1,False,False,False,False,False,15,False
6030818,12.24727,15.57951,0.8826778,4.617177,False,False,False,False,False,5,5,5,5,5,1,False,False,False,False,False,15,False
6030818,12.25994,15.57951,0.8826778,4.617177,False,False,False,False,False,5,5,5,5,5,1,False,False,False,False,False,15,False
6030818,12.27239,15.57951,0.8826778,4.617177,False,False,False,False,False,5,5,5,5,5,1,False,False,False,False,False,15,False
6030818,12.29266,15.57951,0.8826778,4.617177,False,False,False,False,False,5,5,5,5,5,1,False,False,False,False,False,15,False
6030818,12.30543,15.57951,0.8826778,4.617177,False,False,False,False,False,5,5,5,5,5,1,False,False,False,False,False,15,False
6030818,12.33082,15.57951,0.8826778,4.617177,False,False,False,False,False,5,5,5,5,5,1,False,False,False,False,False,15,False
6030818,12.34587,15.57951,0.8826778,4.617177,False,False,False,False,False,5,5,5,5,5,1,False,False,False,False,False,15,False
6030818,12.35848,15.57951,0.8826778,4.617177,False,False,False,False,False,5,5,5,5,5,1,False,False,False,False,False,15,False
6030818,12.37101,15.57951,0.8826778,4.617177,False,False,False,False,False,5,5,5,5,5,1,False,False,False,False,False,15,False
6030818,12.38417,15.57951,0.8826778,4.617177,False,False,False,False,False,5,5,5,5,5,1,False,False,False,False,False,15,False
6030818,12.39693,15.57951,0.8826778,4.617177,False,False,False,False,False,5,5,5,5,5,1,False,False,False,False,False,15,False
6030818,12.41018,15.57951,0.8826778,4.617177,False,False,False,False,False,5,5,5,5,5,1,False,False,False,False,False,15,False
6030818,12.42312,15.57951,0.8826778,4.617177,False,False,False,False,False,5,5,5,5,5,1,False,False,False,False,False,15,False
6030818,12.43606,15.57951,0.8826778,4.617177,False,False,False,False,False,5,5,5,5,5,1,False,False,False,False,False,15,False
6030818,12.44857,15.57951,0.8826778,4.617177,False,False,False,False,False,5,5,5,5,5,1,False,False,False,False,False,15,False
6030818,12.46114,15.57951,0.8826778,4.617177,False,False,False,False,False,5,5,5,5,5,1,False,False,False,False,False,15,False
6030818,12.47403,15.57951,0.8826778,4.617177,False,False,False,False,False,5,5,5,5,5,1,False,False,False,False,False,15,False
6030818,12.4864,15.57951,0.8826778,4.617177,False,False,False,False,False,5,5,5,5,5,1,False,False,False,False,False,15,False
6030818,12.4999,15.57951,0.8826778,4.617177,False,False,False,False,False,5,5,5,5,5,1,False,False,False,False,False,15,False
6030818,12.51339,15.57951,0.8826778,4.617177,False,False,False,False,False,5,5,5,5,5,1,False,False,False,False,False,15,False
6030818,12.52742,15.57951,0.8826778,4.617177,False,False,False,False,False,5,5,5,5,5,1,False,False,False,False,False,15,False
6030818,12.55068,15.57951,0.8826778,4.617177,False,False,False,False,False,5,5,5,5,5,1,False,False,False,False,False,15,False
6030818,12.56465,15.57951,0.8826778,4.617177,False,False,False,False,False,5,5,5,5,5,1,False,False,False,False,False,15,False
6030818,12.57857,15.57951,0.8826778,4.617177,False,False,False,False,False,5,5,5,5,5,1,False,False,False,False,False,15,False
6030818,12.59182,15.57951,0.8826778,4.617177,False,False,False,False,False,5,5,5,5,5,1,False,False,False,False,False,15,False
6030818,12.61421,15.57951,0.8826778,4.617177,False,False,False,False,False,5,5,5,5,5,1,False,False,False,False,False,15,False
6030818,12.62825,15.57951,0.8826778,4.617177,False,False,False,False,False,5,5,5,5,5,1,False,False,False,False,False,15,False
6030818,12.6426,15.57951,0.8826778,4.617177,False,False,False,False,False,5,5,5,5,5,1,False,False,False,False,False,15,False
6030818,12.65649,15.57951,0.8826778,4.617177,False,False,False,False,False,5,5,5,5,5,1,False,False,False,False,False,15,False
6030818,12.67069,15.57951,0.8826778,4.617177,False,False,False,False,False,5,5,5,5,5,1,False,False,False,False,False,15,False
6030818,12.6917,15.57951,0.8826778,4.617177,False,False,False,False,False,5,5,5,5,5,1,False,False,False,False,False,15,False
6030818,12.70766,15.57951,0.8826778,4.617177,False,False,False,False,False,5,5,5,5,5,1,False,False,False,False,False,15,False
6030818,12.72258,15.57951,0.8826778,4.617177,False,False,False,False,False,5,5,5,5,5,1,False,False,False,False,False,15,False
6030818,12.73603,15.57951,0.8826778,4.617177,False,False,False,False,False,5,5,5,5,5,1,False,False,False,False,False,15,False
6030818,12.74947,15.57951,0.8826778,4.617177,False,False,False,False,False,5,5,5,5,5,1,False,False,False,False,False,15,False
6030818,12.7644,15.57951,0.8826778,4.617177,False,False,False,False,False,5,5,5,5,5,1,False,False,False,False,False,15,False
6030818,12.77862,15.57951,0.8826778,4.617177,False,False,False,False,False,5,5,5,5,5,1,False,False,False,False,False,15,False
6030818,12.79276,15.57951,0.8826778,4.617177,False,False,False,False,False,5,5,5,5,5,1,False,False,False,False,False,15,False
6030818,12.80737,15.57951,0.8826778,4.617177,False,False,False,False,False,5,5,5,5,5,1,False,False,False,False,False,15,False
6030818,12.82115,15.57951,0.8826778,4.617177,False,False,False,False,False,5,5,5,5,5,1,False,False,False,False,False,15,False
6030818,12.83461,15.57951,0.8826778,4.617177,False,False,False,False,False,5,5,5,5,5,1,False,False,False,False,False,15,False
6030818,12.84813,15.57951,0.8826778,4.617177,False,False,False,False,False,5,5,5,5,5,1,False,False,False,False,False,15,False
6030818,12.86244,15.57951,0.8826778,4.617177,False,False,False,False,False,5,5,5,5,5,1,False,False,False,False,False,15,False
6030818,12.87586,15.57951,0.8826778,4.617177,False,False,False,False,False,5,5,5,5,5,1,False,False,False,False,False,15,False
6030818,12.8894,15.57951,0.8826778,4.617177,False,False,False,False,False,5,5,5,5,5,1,False,False,False,False,False,15,False
6030818,12.90268,15.57951,0.8826778,4.617177,False,False,False,False,False,5,5,5,5,5,1,False,False,False,False,False,15,False
6030818,12.91705,15.57951,0.8826778,4.617177,False,False,False,False,False,5,5,5,5,5,1,False,False,False,False,False,15,False
6030818,12.93087,15.57951,0.8826778,4.617177,False,False,False,False,False,5,5,5,5,5,1,False,False,False,False,False,15,False
6030818,12.94633,15.57951,0.8826778,4.617177,False,False,False,False,False,5,5,5,5,5,1,False,False,False,False,False,15,False
6030818,12.96212,15.57951,0.8826778,4.617177,False,False,False,False,False,5,5,5,5,5,1,False,False,False,False,False,15,False
6030818,12.97919,15.57951,0.8826778,4.617177,False,False,False,False,False,5,5,5,5,5,1,False,False,False,False,False,15,False
6030818,12.9936,15.57951,0.8826778,4.617177,False,False,False,False,False,5,5,5,5,5,1,False,False,False,False,False,15,False
6030818,13.00973,15.57951,0.8826778,4.617177,False,False,False,False,False,5,5,5,5,5,1,False,False,False,False,False,15,False
6030818,13.02474,15.57955,0.8826673,4.617503,False,False,False,False,False,5,5,5,5,5,1,True,False,False,False,False,15,False
6030818,13.04304,15.57966,0.8823125,4.617497,False,False,False,False,False,5,5,5,5,5,1,False,False,False,False,False,15,False
6030818,13.05729,15.57967,0.8800839,4.617498,False,False,False,False,False,5,5,5,5,5,1,True,False,False,False,False,15,False
6030818,13.07264,15.57966,0.8816336,4.617497,False,False,False,False,False,5,5,5,5,5,1,False,False,False,False,False,15,False
6030818,13.08858,15.57953,0.8814942,4.617501,False,False,False,False,False,5,5,5,5,5,1,True,False,False,False,False,15,False
6030818,13.10363,15.57942,0.8803254,4.617506,False,False,False,False,False,5,5,5,5,5,1,True,False,False,False,False,15,False
6030818,13.11863,15.57964,0.8825771,4.617497,False,False,False,False,False,5,5,5,5,5,1,False,False,False,False,False,15,False
6030818,13.13355,15.57947,0.8806804,4.617447,False,False,False,False,False,5,5,5,5,5,1,False,False,False,False,False,15,False
6030818,13.1477,15.57948,0.8808748,4.617451,False,False,False,False,False,5,5,5,5,5,1,True,False,False,False,False,15,False
6030818,13.16646,15.57925,0.8824992,4.617496,False,False,False,False,False,5,5,5,5,5,1,True,False,False,False,False,15,False
6030818,13.18114,15.57845,0.881968,4.617497,False,False,False,False,False,5,5,5,5,5,1,True,False,False,False,False,15,False
6030818,13.19553,15.57911,0.8827685,4.617496,False,False,False,False,False,5,5,5,5,5,1,False,False,False,False,False,15,False
6030818,13.20901,15.58005,0.8825039,4.617474,False,False,False,False,False,5,5,5,5,5,1,False,False,False,False,False,15,False
6030818,13.22307,15.58084,0.8820762,4.617446,False,False,False,False,False,5,5,5,5,5,1,False,False,False,False,False,15,False
6030818,13.24242,15.58005,0.8830525,4.61744,False,False,False,False,False,5,5,5,5,5,1,False,False,False,False,False,15,False
6030818,13.25952,15.57883,0.8821997,4.617398,False,False,False,False,False,5,5,5,5,5,1,False,False,False,False,False,15,False
6030818,13.27639,15.57932,0.8827981,4.617396,False,False,False,False,False,5,5,5,5,5,1,False,False,False,False,False,15,False
6030818,13.29165,15.58028,0.8823481,4.617368,False,False,False,False,False,5,5,5,5,5,1,False,False,False,False,False,15,False
6030818,13.30905,15.58053,0.8824469,4.617348,False,False,False,False,False,5,5,5,5,5,1,False,False,False,False,False,15,False
6030818,13.32528,15.57969,0.88259,4.616515,False,False,False,False,False,5,5,5,5,5,1,False,False,False,False,False,15,False
6030818,13.34276,15.57852,0.881447,4.614266,False,False,False,False,False,5,5,5,5,5,1,False,False,False,False,False,15,False
6030818,13.36053,15.57805,0.8827787,4.614724,False,False,False,False,False,5,5,5,5,5,1,True,False,False,False,False,15,False
6030818,13.38131,15.57621,0.8827016,4.614624,False,False,False,False,False,5,5,5,5,5,1,False,False,False,False,False,15,False
6030818,13.40162,15.57349,0.8815563,4.615504,False,False,False,False,False,5,5,5,5,5,1,True,False,False,False,False,15,False
6030818,13.41682,15.57219,0.8825558,4.614515,False,False,False,False,False,5,5,5,5,5,1,False,False,False,False,False,15,False
6030818,13.43148,15.57037,0.8820102,4.614808,False,False,False,False,False,5,5,5,5,5,1,True,False,False,False,False,15,False
6030818,13.45954,15.56763,0.8827339,4.613828,False,False,False,False,False,5,5,5,5,5,1,False,False,False,False,False,15,False
6030818,13.4758,15.5657,0.8816989,4.619497,False,False,False,False,False,5,5,5,5,5,1,True,False,False,False,False,15,False
6030818,13.49085,15.56354,0.8817895,4.629755,False,False,False,False,False,5,5,5,5,5,1,True,False,False,False,False,15,False
6030818,13.50642,15.56162,0.882064,4.642897,False,False,False,False,False,5,5,5,5,5,1,True,False,False,False,False,15,False
6030818,13.5223,15.56013,0.8819693,4.656594,False,False,False,False,False,5,5,5,5,5,1,True,False,False,False,False,15,False
6030818,13.54379,15.55628,0.8819276,4.673338,False,False,False,False,False,5,5,5,5,5,1,True,False,False,False,False,15,False
6030818,13.55933,15.55247,0.8820075,4.695128,False,False,False,False,False,5,5,5,5,5,1,True,False,False,False,False,15,False
6030818,13.5748,15.54769,0.8820057,4.723045,False,False,False,False,False,5,5,5,5,5,1,True,False,False,False,False,15,False
6030818,13.59068,15.54092,0.8820466,4.752484,False,False,False,False,False,5,5,5,5,5,1,True,False,False,False,False,15,False
6030818,13.60791,15.53283,0.8820751,4.788091,False,False,False,False,False,5,5,5,5,5,1,True,False,False,False,False,15,False
6030818,13.62344,15.52595,0.8820697,4.823281,False,False,False,False,False,5,5,5,5,5,1,True,False,False,False,False,15,False
6030818,13.63893,15.51977,0.8821131,4.856352,False,False,False,False,False,5,5,5,5,5,1,True,False,False,False,False,15,False
6030818,13.6544,15.51194,0.8820785,4.885498,False,False,False,False,False,5,5,5,5,5,1,True,False,False,False,False,15,False
6030818,13.67237,15.50143,0.8820665,4.919652,False,False,False,False,False,5,5,5,5,5,1,True,False,False,False,False,15,False
6030818,13.68936,15.49375,0.8820633,4.950418,False,False,False,False,False,5,5,5,5,5,1,True,False,False,False,False,15,False
6030818,13.70628,15.48857,0.8820484,4.978338,False,False,False,False,False,5,5,5,5,5,1,True,False,False,False,False,15,False
6030818,13.72248,15.48435,0.8820253,5.002454,False,False,False,False,False,5,5,5,5,5,1,True,False,False,False,False,15,False
6030818,13.73742,15.48245,0.8820024,5.021984,False,False,False,False,False,5,5,5,5,5,1,True,False,False,False,False,15,False
6030818,13.75364,15.47714,0.8820386,5.052944,False,False,False,False,False,5,5,5,5,5,1,True,False,False,False,False,15,False
6030818,13.76964,15.47206,0.8820536,5.080393,False,False,False,False,False,5,5,5,5,5,1,True,False,False,False,False,15,False
6030818,13.78567,15.46811,0.8820398,5.105188,False,False,False,False,False,5,5,5,5,5,1,True,False,False,False,False,15,False
6030818,13.80176,15.46509,0.8820153,5.130585,False,False,False,False,False,5,5,5,5,5,1,True,False,False,False,False,15,False
6030818,13.81734,15.46016,0.8820092,5.151313,False,False,False,False,False,5,5,5,5,5,1,True,False,False,False,False,15,False
6030818,13.83331,15.45609,0.881995,5.169809,False,False,False,False,False,5,5,5,5,5,1,True,False,False,False,False,15,False
6030818,13.84919,15.45333,0.8819643,5.182739,False,False,False,False,False,5,5,5,5,5,1,True,False,False,False,False,15,False
6030818,13.8684,15.45023,0.8819383,5.194596,False,False,False,False,False,5,5,5,5,5,1,True,False,False,False,False,15,False
6030818,13.88503,15.44682,0.8819513,5.203543,False,False,False,False,False,5,5,5,5,5,1,True,False,False,False,False,15,False
6030818,13.90058,15.44383,0.8819794,5.207843,False,False,False,False,False,5,5,5,5,5,1,True,False,False,False,False,15,False
6030818,13.91676,15.44187,0.8819661,5.212986,False,False,False,False,False,5,5,5,5,5,1,True,False,False,False,False,15,False
6030818,13.93244,15.44181,0.8819486,5.211616,False,False,False,False,False,5,5,5,5,5,1,False,False,False,False,False,15,False
6030818,13.94846,15.44185,0.8820363,5.210758,False,False,False,False,False,5,5,5,5,5,1,False,False,False,False,False,15,False
6030818,13.96464,15.44106,0.882094,5.213971,False,False,False,False,False,5,5,5,5,5,1,True,False,False,False,False,15,False
6030818,13.98037,15.43912,0.8818503,5.22198,False,False,False,False,False,5,5,5,5,5,1,True,False,False,False,False,15,False
6030818,13.99554,15.4381,0.8819321,5.226218,False,False,False,False,False,5,5,5,5,5,1,True,False,False,False,False,15,False
6030818,14.01156,15.43716,0.8819474,5.22804,False,False,False,False,False,5,5,5,5,5,1,True,False,False,False,False,15,False
6030818,14.02724,15.43593,0.8819609,5.229265,False,False,False,False,False,5,5,5,5,5,1,True,False,False,False,False,15,False
6030818,14.0428,15.43462,0.8821033,5.230588,True,False,False,False,False,4.96254539489746,5,5,5,5,1,True,False,False,False,False,15,False
6030818,14.0586,15.43479,0.8827108,5.230042,True,False,False,False,False,4.96136951446533,5,5,5,5,1,False,False,False,False,False,15,False
6030818,14.07365,15.43456,0.8819158,5.230742,True,False,False,False,False,4.95932292938232,5,5,5,5,1,True,False,False,False,False,15,False
6030818,14.09001,15.43569,0.8818238,5.226439,True,False,False,False,False,4.96034955978394,5,5,5,5,1,False,False,False,False,False,15,False
6030818,14.10689,15.43706,0.8823434,5.220531,True,False,False,False,False,4.94353246688843,5,5,5,5,1,False,False,False,False,False,15,False
6030818,14.12788,15.43816,0.8827534,5.21497,True,False,False,False,False,4.90437078475952,5,5,5,5,1,False,False,False,False,False,15,False
6030818,14.14404,15.43986,0.8827501,5.208807,True,False,False,False,False,4.90371894836426,5,5,5,5,1,False,False,False,False,False,15,False
6030818,14.16007,15.44136,0.8827552,5.203671,True,False,False,False,False,4.92629861831665,5,5,5,5,1,False,False,False,False,False,15,False
6030818,14.17652,15.44122,0.8827778,5.203652,True,False,False,False,False,4.92610120773315,5,5,5,5,1,False,False,False,False,False,15,False
6030818,14.19231,15.43919,0.8828131,5.210757,True,False,False,False,False,4.92325401306152,5,5,5,5,1,True,False,False,False,False,15,False
6030818,14.20854,15.43617,0.8811789,5.219299,True,False,False,False,False,4.90228319168091,5,5,5,5,1,True,False,False,False,False,15,False
6030818,14.22452,15.43237,0.879846,5.229633,True,False,False,False,False,4.87479209899902,5,5,5,5,1,True,False,False,False,False,15,False
6030818,14.24101,15.42705,0.8827287,5.247122,True,False,False,False,False,4.86540937423706,5,5,5,5,1,True,False,False,False,False,15,False
6030818,14.25756,15.42048,0.8803508,5.262863,True,False,False,False,False,4.82440280914307,5,5,5,5,1,True,False,False,False,False,15,False
6030818,14.27288,15.41666,0.8818457,5.277144,True,False,False,False,False,4.81443881988525,5,5,5,5,1,True,False,False,False,False,15,False
6030818,14.28874,15.41386,0.8814771,5.288486,True,False,False,False,False,4.81054306030273,5,5,5,5,1,True,False,False,False,False,15,False
6030818,14.31265,15.40984,0.8816705,5.300079,True,False,False,False,False,4.78161764144897,5,5,5,5,1,True,False,False,False,False,15,False
6030818,14.32913,15.40811,0.8815632,5.303877,True,False,False,False,False,4.76566505432129,5,5,5,5,1,True,False,False,False,False,15,False
6030818,14.34506,15.40775,0.8807535,5.304624,True,False,False,False,False,4.76475095748901,5,5,5,5,1,True,False,False,False,False,15,False
6030818,14.3614,15.40784,0.882734,5.304728,True,False,False,False,False,4.76421308517456,5,5,5,5,1,True,False,False,False,False,15,False
6030818,14.38023,15.40866,0.882102,5.305074,True,False,False,False,False,4.76496076583862,5,5,5,5,1,True,False,False,False,False,15,False
6030818,14.40804,15.40511,0.8815659,5.314944,True,False,False,False,False,4.77306652069092,5,5,5,5,1,True,False,False,False,False,15,False
6030818,14.42578,15.40316,0.8805906,5.323872,True,False,False,False,False,4.79208278656006,5,5,5,5,1,True,False,False,False,False,15,False
6030818,14.44179,15.39893,0.8825932,5.338962,True,False,False,False,False,4.78637027740479,5,5,5,5,1,True,False,False,False,False,15,False
6030818,14.45762,15.39214,0.8802727,5.361905,True,False,False,False,False,4.77695274353027,5,5,5,5,1,True,False,False,False,False,15,False
6030818,14.47381,15.38682,0.8819627,5.380441,True,False,False,False,False,4.7697696685791,5,5,5,5,1,True,False,False,False,False,15,False
6030818,14.49079,15.37968,0.8812426,5.405066,True,False,False,False,False,4.76000165939331,5,5,5,5,1,True,False,False,False,False,15,False
6030818,14.50631,15.37139,0.8808174,5.430026,True,False,False,False,False,4.73700332641602,5,5,5,5,1,True,False,False,False,False,15,False
6030818,14.52263,15.36129,0.8825212,5.456618,True,False,False,False,False,4.69831132888794,5,5,5,5,1,True,False,False,False,False,15,False
6030818,14.53976,15.34952,0.8799136,5.492863,True,False,False,False,False,4.68185806274414,5,5,5,5,1,True,False,False,False,False,15,False
6030818,14.55625,15.34025,0.8823683,5.5227,True,False,False,False,False,4.66923427581787,5,5,5,5,1,True,False,False,False,False,15,False
6030818,14.57362,15.32885,0.8807779,5.552256,True,False,False,False,False,4.62946796417236,5,5,5,5,1,True,False,False,False,False,15,False
6030818,14.59084,15.31975,0.8814757,5.580871,True,False,False,False,False,4.60582637786865,5,5,5,5,1,True,False,False,False,False,15,False
6030818,14.60739,15.31296,0.8817246,5.60557,True,False,False,False,False,4.59651136398315,5,5,5,5,1,True,False,False,False,False,15,False
6030818,14.62473,15.30694,0.8804342,5.626246,True,False,False,False,False,4.58834409713745,5,5,5,5,1,True,False,False,False,False,15,False
6030818,14.64141,15.3026,0.8826562,5.641173,True,False,False,False,False,4.58257246017456,5,5,5,5,1,True,False,False,False,False,15,False
6030818,14.65738,15.29985,0.8803318,5.64997,True,False,False,False,False,4.57879543304443,5,5,5,5,1,True,False,False,False,False,15,False
6030818,14.67312,15.29949,0.8818089,5.65148,True,False,False,False,False,4.57835674285889,5,5,5,5,1,True,False,False,False,False,15,False
6030818,14.68924,15.30053,0.8813497,5.647943,True,False,False,False,False,4.57973527908325,5,5,5,5,1,False,False,False,False,False,15,False
6030818,14.70528,15.30268,0.8804867,5.64081,True,False,False,False,False,4.58272838592529,5,5,5,5,1,False,False,False,False,False,15,False
6030818,14.72127,15.30578,0.8827313,5.63156,True,False,False,False,False,4.58733797073364,5,5,5,5,1,False,False,False,False,False,15,False
6030818,14.73755,15.30963,0.882719,5.619217,True,False,False,False,False,4.59268856048584,5,5,5,5,1,False,False,False,False,False,15,False
6030818,14.7576,15.31538,0.8827031,5.600718,True,False,False,False,False,4.60053968429565,5,5,5,5,1,False,False,False,False,False,15,False
6030818,14.77409,15.32103,0.8826903,5.58252,True,False,False,False,False,4.60824680328369,5,5,5,5,1,False,False,False,False,False,15,False
6030818,14.79018,15.32726,0.8826777,5.562476,True,False,False,False,False,4.61673545837402,5,5,5,5,1,False,False,False,False,False,15,False
6030818,14.80709,15.33455,0.8826641,5.539023,True,False,False,False,False,4.62666797637939,5,5,5,5,1,False,False,False,False,False,15,False
6030818,14.82321,15.3422,0.8826517,5.514395,True,False,False,False,False,4.63709926605225,5,5,5,5,1,False,False,False,False,False,15,False
6030818,14.83913,15.35045,0.8826395,5.487851,True,False,False,False,False,4.6483416557312,5,5,5,5,1,False,False,False,False,False,15,False
6030818,14.85791,15.36113,0.8826257,5.453444,True,False,False,False,False,4.66291189193726,5,5,5,5,1,False,False,False,False,False,15,False
6030818,14.87974,15.37464,0.88261,5.409969,True,False,False,False,False,4.68132591247559,5,5,5,5,1,False,False,False,False,False,15,False
6030818,14.89647,15.38592,0.8825983,5.373664,True,False,False,False,False,4.69670391082764,5,5,5,5,1,False,False,False,False,False,15,False
6030818,14.92405,15.40592,0.8825799,5.309308,True,False,False,False,False,4.72395992279053,5,5,5,5,1,False,False,False,False,False,15,False
6030818,14.94071,15.41882,0.8825685,5.267773,True,False,False,False,False,4.74155426025391,5,5,5,5,1,False,False,False,False,False,15,False
6030818,14.95766,15.4327,0.8825572,5.223109,True,False,False,False,False,4.76047229766846,5,5,5,5,1,False,False,False,False,False,15,False
6030818,14.97413,15.44683,0.8825468,5.177628,True,False,False,False,False,4.77973699569702,5,5,5,5,1,False,False,False,False,False,15,False
6030818,14.99128,15.46213,0.8825363,5.128361,True,False,False,False,False,4.80060482025146,5,5,5,5,1,False,False,False,False,False,15,False
6030818,15.00778,15.47744,0.882527,5.079092,True,False,False,False,False,4.82147359848022,5,5,5,5,1,False,False,False,False,False,15,False
6030818,15.02423,15.49321,0.8825178,5.028298,True,False,False,False,False,4.84298706054688,5,5,5,5,1,False,False,False,False,False,15,False
6030818,15.04043,15.50926,0.8825085,4.976637,True,False,False,False,False,4.86487007141113,5,5,5,5,1,False,False,False,False,False,15,False
6030818,15.05733,15.52664,0.8824992,4.920695,True,False,False,False,False,4.88856649398804,5,5,5,5,1,False,False,False,False,False,15,False
6030818,15.07634,15.5468,0.8824895,4.855805,True,False,False,False,False,4.91605234146118,5,5,5,5,1,False,False,False,False,False,15,False
6030818,15.09312,15.56513,0.8824813,4.796794,True,False,False,False,False,4.94100713729858,5,5,5,5,1,False,False,False,False,False,15,False
6030818,15.11003,15.58407,0.8824733,4.73578,True,False,False,False,False,4.9667706489563,5,5,5,5,1,False,False,False,False,False,15,False
6030818,15.12693,15.60346,0.8824656,4.673352,True,False,False,False,False,4.99311447143555,5,5,5,5,1,False,False,False,False,False,15,False
6030818,15.14321,15.62256,0.8824579,4.611865,False,False,False,False,False,5,5,5,5,5,1,False,False,False,False,False,15,False
6030818,15.15947,15.64202,0.8824513,4.54921,False,False,False,False,False,5,5,5,5,5,1,False,False,False,False,False,15,False
6030818,15.17567,15.66189,0.8824452,4.485271,False,False,False,False,False,5,5,5,5,5,1,False,False,False,False,False,15,False
6030818,15.20528,15.69905,0.8824334,4.365632,False,False,False,False,False,5,5,5,5,5,1,False,False,False,False,False,15,False
6030818,15.22241,15.72104,0.882427,4.294849,False,False,False,False,False,5,5,5,5,5,1,False,False,False,False,False,15,False
6030818,15.23915,15.74289,0.8824216,4.22449,False,False,False,False,False,5,5,5,5,5,1,False,False,False,False,False,15,False
6030818,15.25602,15.76529,0.8824159,4.152364,False,False,False,False,False,5,5,5,5,5,1,False,False,False,False,False,15,False
6030818,15.27295,15.78809,0.8824104,4.078962,False,False,False,False,False,5,5,5,5,5,1,False,False,False,False,False,15,False
6030818,15.29019,15.8116,0.8824056,4.003262,False,False,False,False,False,5,5,5,5,5,1,False,False,False,False,False,15,False
6030818,15.30678,15.83451,0.882401,3.929513,False,False,False,False,False,5,5,5,5,5,1,False,False,False,False,False,15,False
6030818,15.32383,15.85831,0.8823965,3.852856,False,False,False,False,False,5,5,5,5,5,1,False,False,False,False,False,15,False
6030818,15.34102,15.88259,0.882392,3.774704,False,False,False,False,False,5,5,5,5,5,1,False,False,False,False,False,15,False
6030818,15.35815,15.90706,0.8823874,3.695879,False,False,False,False,False,5,5,5,5,5,1,False,False,False,False,False,15,False
6030818,15.37511,15.93155,0.8823837,3.617037,False,False,False,False,False,5,5,5,5,5,1,False,False,False,False,False,15,False
6030818,15.39183,15.95589,0.8823801,3.538648,False,False,False,False,False,5,5,5,5,5,1,False,False,False,False,False,15,False
6030818,15.40924,15.98147,0.8823761,3.456266,False,False,False,False,False,5,5,5,5,5,1,False,False,False,False,False,15,False
6030818,15.42629,16.00666,0.8823734,3.375135,False,False,False,False,False,5,5,5,5,5,1,False,False,False,False,False,15,False
6030818,15.45761,16.05305,0.8823724,3.225719,False,False,False,False,False,5,5,5,5,5,1,False,False,False,False,False,15,False
6030818,15.47431,16.07778,0.8823724,3.146052,False,False,False,False,False,5,5,5,5,5,1,False,False,False,False,False,15,False
6030818,15.49165,16.10346,0.8823723,3.063344,False,False,False,False,False,5,5,5,5,5,1,False,False,False,False,False,15,False
6030818,15.50934,16.12966,0.8823726,2.978951,False,False,False,False,False,5,5,5,5,5,1,False,False,False,False,False,15,False
6030818,15.52739,16.1564,0.8823725,2.892806,False,False,False,False,False,5,5,5,5,5,1,False,False,False,False,False,15,False
6030818,15.54533,16.18296,0.8823724,2.807256,False,False,False,False,False,5,5,5,5,5,1,False,False,False,False,False,15,False
6030818,15.56262,16.20856,0.8823727,2.724773,False,False,False,False,False,5,5,5,5,5,1,False,False,False,False,False,15,False
6030818,15.57974,16.23391,0.8823725,2.643091,False,False,False,False,False,5,5,5,5,5,1,False,False,False,False,False,15,False
6030818,15.59655,16.25881,0.8823725,2.562885,False,False,False,False,False,5,5,5,5,5,1,False,False,False,False,False,15,False
6030818,15.61553,16.2869,0.8823726,2.472359,False,False,False,False,False,5,5,5,5,5,1,False,False,False,False,False,15,False
6030818,15.64243,16.32673,0.8823728,2.344024,False,False,False,False,False,5,5,5,5,5,1,False,False,False,False,False,15,False
6030818,15.65992,16.35263,0.8823725,2.260578,False,False,False,False,False,5,5,5,5,5,1,False,False,False,False,False,15,False
6030818,15.67703,16.37796,0.8823727,2.178959,False,False,False,False,False,5,5,5,5,5,1,False,False,False,False,False,15,False
6030818,15.69501,16.40458,0.8823729,2.093161,False,False,False,False,False,5,5,5,5,5,1,False,False,False,False,False,15,False
6030818,15.71296,16.43115,0.8823728,2.007554,False,False,False,False,False,5,5,5,5,5,1,False,False,False,False,False,15,False
6030818,15.73808,16.46833,0.8823727,1.887703,False,False,False,False,False,5,5,5,5,5,1,False,False,False,False,False,15,False
6030818,15.7557,16.49442,0.8823726,1.803636,False,False,False,False,False,5,5,5,5,5,1,False,False,False,False,False,15,False
6030818,15.77278,16.51969,0.8823726,1.722161,False,False,False,False,False,5,5,5,5,5,1,False,False,False,False,False,15,False
6030818,15.79005,16.54525,0.8823726,1.639776,False,False,False,False,False,5,5,5,5,5,1,False,False,False,False,False,15,False
6030818,15.80751,16.57109,0.8823723,1.556479,False,False,False,False,False,5,5,5,5,5,1,False,False,False,False,False,15,False
6030818,15.82559,16.59785,0.8823724,1.470208,False,False,False,False,False,5,5,5,5,5,1,False,False,False,False,False,15,False
6030818,15.84281,16.62334,0.8823724,1.388036,False,False,False,False,False,5,5,5,5,5,1,False,False,False,False,False,15,False
6030818,15.86049,16.64951,0.8823724,1.303685,False,False,False,False,False,5,5,5,5,5,1,False,False,False,False,False,15,False
6030818,15.88051,16.67913,0.8823729,1.208187,False,False,False,False,False,5,5,5,5,5,1,False,False,False,False,False,15,False
6030818,15.89795,16.70494,0.8823725,1.12498,False,False,False,False,False,5,5,5,5,5,1,False,False,False,False,False,15,False
6030818,15.9148,16.72988,0.8823725,1.044575,False,False,False,False,False,5,5,5,5,5,1,False,False,False,False,False,15,False
6030818,15.93201,16.75534,0.8823724,0.962477,False,False,False,False,False,5,5,5,5,5,1,False,False,False,False,False,15,False
6030818,15.94917,16.78074,0.8823724,0.8805765,False,False,False,False,False,5,5,5,5,5,1,False,False,False,False,False,15,False
6030818,15.97146,16.81372,0.8823724,0.7742318,False,False,False,False,False,5,5,5,5,5,1,False,False,False,False,False,15,False
6030818,15.98881,16.83938,0.8823727,0.691466,False,False,False,False,False,5,5,5,5,5,1,False,False,False,False,False,15,False
6030818,16.00628,16.86523,0.8823727,0.6081081,False,False,False,False,False,5,5,5,5,5,1,False,False,False,False,False,15,False
6030818,16.02347,16.89065,0.8823727,0.5261153,False,False,False,False,False,5,5,5,5,5,1,False,False,False,False,False,15,False
6030818,16.04293,16.91944,0.8823724,0.433273,False,False,False,False,False,5,5,5,5,5,1,False,False,False,False,False,15,False
6030818,16.0654,16.95269,0.8823728,0.3260472,False,False,False,False,False,5,5,5,5,5,1,False,False,False,False,False,15,False
6030818,16.0845,16.98094,0.8823726,0.2349145,False,False,False,False,False,5,5,5,5,5,1,False,False,False,False,False,15,False
6030818,16.10405,17.00984,0.8823725,0.1416802,False,False,False,False,False,5,5,5,5,5,1,False,False,False,False,False,15,False
6030818,16.12661,17.04322,0.8823729,0.03402079,False,False,False,False,False,5,5,5,5,5,1,False,False,False,False,False,15,False
6030818,16.14609,17.07203,0.8823727,-0.05891854,False,False,False,False,False,5,5,5,5,5,1,False,False,False,False,False,15,False
6030818,16.16579,17.10117,0.8823728,-0.1529159,False,False,False,False,False,5,5,5,5,5,1,False,False,False,False,False,15,False
6030818,16.18642,17.13168,0.8823723,-0.2513586,False,False,False,False,False,5,5,5,5,5,1,False,False,False,False,False,15,False
6030818,16.2054,17.15974,0.8823724,-0.3419077,False,False,False,False,False,5,5,5,5,5,1,False,False,False,False,False,15,False
6030818,16.22373,17.18684,0.8823729,-0.4293513,False,False,False,False,False,5,5,5,5,5,1,False,False,False,False,False,15,False
6030818,16.2451,17.21845,0.8823731,-0.5313347,False,False,False,False,False,5,5,5,5,5,1,False,False,False,False,False,15,False
6030818,16.26282,17.24464,0.8823732,-0.6158597,False,False,False,False,False,5,5,5,5,5,1,False,False,False,False,False,15,False
6030818,16.28241,17.27361,0.8823727,-0.7093342,False,False,False,False,False,5,5,5,5,5,1,False,False,False,False,False,15,False
6030818,16.30042,17.30023,0.8823727,-0.7952382,False,False,False,False,False,5,5,5,5,5,1,False,False,False,False,False,15,False
6030818,16.31979,17.32887,0.8823725,-0.8876794,False,False,False,False,False,5,5,5,5,5,1,False,False,False,False,False,15,False
6030818,16.33983,17.35851,0.8823726,-0.9833238,False,False,False,False,False,5,5,5,5,5,1,False,False,False,False,False,15,False
6030818,16.35836,17.38589,0.8823724,-1.071697,False,False,False,False,False,5,5,5,5,5,1,False,False,False,False,False,15,False
6030818,16.37849,17.41565,0.8823728,-1.167744,False,False,False,False,False,5,5,5,5,5,1,False,False,False,False,False,15,False
6030818,16.39656,17.44236,0.8823725,-1.253959,False,False,False,False,False,5,5,5,5,5,1,False,False,False,False,False,15,False
6030818,16.41642,17.47172,0.8823726,-1.348752,False,False,False,False,False,5,5,5,5,5,1,False,False,False,False,False,15,False
6030818,16.44031,17.50702,0.8823728,-1.462714,False,False,False,False,False,5,5,5,5,5,1,False,False,False,False,False,15,False
6030818,16.46072,17.5372,0.8823733,-1.560122,False,False,False,False,False,5,5,5,5,5,1,False,False,False,False,False,15,False
6030818,16.47962,17.56513,0.8823726,-1.65029,False,False,False,False,False,5,5,5,5,5,1,False,False,False,False,False,15,False
6030818,16.49747,17.5915,0.8823726,-1.735447,False,False,False,False,False,5,5,5,5,5,1,False,False,False,False,False,15,False
6030818,16.51579,17.61857,0.8823727,-1.822847,False,False,False,False,False,5,5,5,5,5,1,False,False,False,False,False,15,False
6030818,16.53467,17.64648,0.8823727,-1.912958,False,False,False,False,False,5,5,5,5,5,1,False,False,False,False,False,15,False
6030818,16.55414,17.67524,0.8823729,-2.00584,False,False,False,False,False,5,5,5,5,5,1,False,False,False,False,False,15,False
6030818,16.57259,17.7025,0.882373,-2.093868,False,False,False,False,False,5,5,5,5,5,1,False,False,False,False,False,15,False
6030818,16.59126,17.7301,0.8823729,-2.182992,False,False,False,False,False,5,5,5,5,5,1,False,False,False,False,False,15,False
6030818,16.6103,17.75822,0.8823727,-2.273805,False,False,False,False,False,5,5,5,5,5,1,False,False,False,False,False,15,False
6030818,16.6293,17.7863,0.882373,-2.3645,False,False,False,False,False,5,5,5,5,5,1,False,False,False,False,False,15,False
6030818,16.64781,17.81365,0.8823732,-2.452818,False,False,False,False,False,5,5,5,5,5,1,False,False,False,False,False,15,False
6030818,16.66719,17.84229,0.8823725,-2.545302,False,False,False,False,False,5,5,5,5,5,1,False,False,False,False,False,15,False
6030818,16.6868,17.87125,0.8823729,-2.638866,False,False,False,False,False,5,5,5,5,5,1,False,False,False,False,False,15,False
6030818,16.70661,17.90051,0.882373,-2.733381,False,False,False,False,False,5,5,5,5,5,1,False,False,False,False,False,15,False
6030818,16.72464,17.92715,0.8823732,-2.819436,False,False,False,False,False,5,5,5,5,5,1,False,False,False,False,False,15,False
6030818,16.74334,17.95477,0.8823731,-2.90864,False,False,False,False,False,5,5,5,5,5,1,False,False,False,False,False,15,False
6030818,16.76311,17.98397,0.882373,-3.002998,False,False,False,False,False,5,5,5,5,5,1,False,False,False,False,False,15,False
6030818,16.7871,18.01941,0.882373,-3.117484,False,False,False,False,False,5,5,5,5,5,1,False,False,False,False,False,15,False
6030818,16.80542,18.04646,0.8823725,-3.204869,False,False,False,False,False,5,5,5,5,5,1,False,False,False,False,False,15,False
6030818,16.82404,18.07396,0.8823733,-3.293738,False,False,False,False,False,5,5,5,5,5,1,False,False,False,False,False,15,False
6030818,16.84275,18.1016,0.8823727,-3.383025,False,False,False,False,False,5,5,5,5,5,1,False,False,False,False,False,15,False
6030818,16.86295,18.13143,0.8823727,-3.479417,False,False,False,False,False,5,5,5,5,5,1,False,False,False,False,False,15,False
6030818,16.88333,18.16152,0.8823733,-3.576675,False,False,False,False,False,5,5,5,5,5,1,False,False,False,False,False,15,False
6030818,16.90964,18.20038,0.8823731,-3.702234,False,False,False,False,False,5,5,5,5,5,1,False,False,False,False,False,15,False
6030818,16.92859,18.22835,0.8823731,-3.792633,False,False,False,False,False,5,5,5,5,5,1,False,False,False,False,False,15,False
6030818,16.94737,18.25608,0.8823725,-3.882246,False,False,False,False,False,5,5,5,5,5,1,False,False,False,False,False,15,False
6030818,16.96635,18.28411,0.8823731,-3.972857,False,False,False,False,False,5,5,5,5,5,1,False,False,False,False,False,15,False
6030818,16.98551,18.31239,0.882373,-4.064266,False,False,False,False,False,5,5,5,5,5,1,False,False,False,False,False,15,False
6030818,17.00492,18.34105,0.8823729,-4.156889,False,False,False,False,False,5,5,5,5,5,1,False,False,False,False,False,15,False
6030818,17.02368,18.36874,0.8823732,-4.246419,False,False,False,False,False,5,5,5,5,5,1,False,False,False,False,False,15,False
6030818,17.04778,18.40431,0.8823726,-4.361411,False,False,False,False,False,5,5,5,5,5,1,False,False,False,False,False,15,False
6030818,17.06618,18.43148,0.8823725,-4.449239,False,False,False,False,False,5,5,5,5,5,1,False,False,False,False,False,15,False
6030818,17.08457,18.45862,0.8823727,-4.536994,False,False,False,False,False,5,5,5,5,5,1,False,False,False,False,False,15,False
6030818,17.11159,18.4985,0.8823727,-4.665915,False,False,False,False,False,5,5,5,5,5,1,False,False,False,False,False,15,False
6030818,17.12972,18.52526,0.8823727,-4.752458,False,False,False,False,False,5,5,5,5,5,1,False,False,False,False,False,15,False
6030818,17.14799,18.55222,0.8823727,-4.839629,False,False,False,False,False,5,5,5,5,5,1,False,False,False,False,False,15,False
6030818,17.17793,18.59641,0.882373,-4.982535,False,False,False,False,False,5,5,5,5,5,1,False,False,False,False,False,15,False
6030818,17.2079,18.64064,0.8823729,-5.125555,False,False,False,False,False,5,5,5,5,5,1,False,False,False,False,False,15,False
6030818,17.27137,18.73193,0.8823907,-5.420814,False,False,False,False,False,5,5,5,5,5,1,False,False,False,False,False,15,False
6030818,17.6047,19.12927,0.8825057,-6.706413,False,False,False,False,True,5,5,5,5,4.73767900466919,1,False,False,False,False,False,15,False
